<?xml version="1.0"?>
<schema version="0.3">
	<table name="btColorBoxContentImage">
		<field name="bID" type="I">
			<key />
			<unsigned />
		</field>
		<field name="fID" type="I">
			<unsigned />
			<default value="0" />
		</field>
		<field name="maxWidth" type="I">
			<unsigned />
			<default value="0" />
		</field>
		<field name="maxHeight" type="I">
			<unsigned />
			<default value="0" />
		</field>
		<field name="altText" type="C" size="255">
		</field>
		<field name="title" type="C" size="255">
		</field>
	</table>
</schema>